<?xml version="1.0" encoding="UTF-8"?>
<project-private xmlns="http://www.netbeans.org/ns/project-private/1">
    <editor-bookmarks xmlns="http://www.netbeans.org/ns/editor-bookmarks/2" lastBookmarkId="0"/>
    <open-files xmlns="http://www.netbeans.org/ns/projectui-open-files/2">
        <group>
            <file>file:/D:/Fahmi%20File/Belajar%20Java/Jagat%20Koding/ProjectPBO/src/projectpbo/BendaGeometri/G2D/JajarGenjang.java</file>
            <file>file:/D:/Fahmi%20File/Belajar%20Java/Jagat%20Koding/ProjectPBO/src/projectpbo/BendaGeometri/G2D/Persegi.java</file>
            <file>file:/D:/Fahmi%20File/Belajar%20Java/Jagat%20Koding/ProjectPBO/src/projectpbo/BendaGeometri/G3D/LimasPersegi.java</file>
            <file>file:/D:/Fahmi%20File/Belajar%20Java/Jagat%20Koding/ProjectPBO/src/projectpbo/BendaGeometri/G3D/LimasPersegiPanjang.java</file>
            <file>file:/D:/Fahmi%20File/Belajar%20Java/Jagat%20Koding/ProjectPBO/src/projectpbo/BendaGeometri/G3D/Bola.java</file>
            <file>file:/D:/Fahmi%20File/Belajar%20Java/Jagat%20Koding/ProjectPBO/src/projectpbo/BendaGeometri/G3D/Kerucut.java</file>
            <file>file:/D:/Fahmi%20File/Belajar%20Java/Jagat%20Koding/ProjectPBO/src/projectpbo/BendaGeometri/BendaGeometri.java</file>
            <file>file:/D:/Fahmi%20File/Belajar%20Java/Jagat%20Koding/ProjectPBO/src/projectpbo/BendaGeometri/G2D/Juring.java</file>
            <file>file:/D:/Fahmi%20File/Belajar%20Java/Jagat%20Koding/ProjectPBO/src/projectpbo/BendaGeometri/G2D/Trapesium.java</file>
            <file>file:/D:/Fahmi%20File/Belajar%20Java/Jagat%20Koding/ProjectPBO/src/projectpbo/BendaGeometri/G3D/BalokPersegiPanjang.java</file>
            <file>file:/D:/Fahmi%20File/Belajar%20Java/Jagat%20Koding/ProjectPBO/src/projectpbo/BendaGeometri/G3D/LimasSegitiga.java</file>
            <file>file:/D:/Fahmi%20File/Belajar%20Java/Jagat%20Koding/ProjectPBO/src/projectpbo/BendaGeometri/Benda2D.java</file>
            <file>file:/D:/Fahmi%20File/Belajar%20Java/Jagat%20Koding/ProjectPBO/src/projectpbo/BendaGeometri/G2D/BelahKetupat.java</file>
            <file>file:/D:/Fahmi%20File/Belajar%20Java/Jagat%20Koding/ProjectPBO/src/projectpbo/Main.java</file>
            <file>file:/D:/Fahmi%20File/Belajar%20Java/Jagat%20Koding/ProjectPBO/src/projectpbo/BendaGeometri/G2D/Tembereng.java</file>
            <file>file:/D:/Fahmi%20File/Belajar%20Java/Jagat%20Koding/ProjectPBO/src/projectpbo/BendaGeometri/G2D/PersegiPanjang.java</file>
            <file>file:/D:/Fahmi%20File/Belajar%20Java/Jagat%20Koding/ProjectPBO/src/projectpbo/BendaGeometri/G3D/PrismaSegitiga.java</file>
            <file>file:/D:/Fahmi%20File/Belajar%20Java/Jagat%20Koding/ProjectPBO/src/projectpbo/BendaGeometri/G2D/Lingkaran.java</file>
            <file>file:/D:/Fahmi%20File/Belajar%20Java/Jagat%20Koding/ProjectPBO/src/projectpbo/BendaGeometri/G2D/LayangLayang.java</file>
            <file>file:/D:/Fahmi%20File/Belajar%20Java/Jagat%20Koding/ProjectPBO/src/projectpbo/BendaGeometri/G3D/BalokPersegi.java</file>
            <file>file:/D:/Fahmi%20File/Belajar%20Java/Jagat%20Koding/ProjectPBO/src/projectpbo/BendaGeometri/G2D/Segitiga.java</file>
            <file>file:/D:/Fahmi%20File/Belajar%20Java/Jagat%20Koding/ProjectPBO/src/projectpbo/BendaGeometri/G3D/Tabung.java</file>
        </group>
    </open-files>
</project-private>
